{
  "id": "carousel",
  "type": "SharedSlice",
  "name": "Carousel",
  "description": "Carousel",
  "variations": [
    {
      "id": "default",
      "name": "Default",
      "docURL": "...",
      "version": "initial",
      "description": "Default",
      "imageUrl": "",
      "primary": {
        "heading": {
          "type": "StructuredText",
          "config": {
            "label": "Heading",
            "placeholder": "",
            "allowTargetBlank": true,
            "single": "heading2"
          }
        },
        "price_copy": {
          "type": "StructuredText",
          "config": {
            "label": "Price Copy",
            "placeholder": "",
            "allowTargetBlank": true,
            "single": "paragraph"
          }
        }
      },
      "items": {}
    }
  ]
}