[
	{
		"__TYPE__": "SharedSliceContent",
		"variation": "default",
		"primary": {
			"heading": {
				"__TYPE__": "StructuredTextContent",
				"value": [
					{
						"type": "heading1",
						"content": {
							"text": "Enough"
						}
					}
				]
			},
			"subheading": {
				"__TYPE__": "StructuredTextContent",
				"value": [
					{
						"type": "paragraph",
						"content": {
							"text": "Ipsum aliqua laboris dolore incididunt cupidatat voluptate qui sit excepteur voluptate. Proident tempor irure et esse aliquip velit cillum velit amet exercitation."
						}
					}
				]
			},
			"body": {
				"__TYPE__": "StructuredTextContent",
				"value": [
					{
						"type": "paragraph",
						"content": {
							"text": "Veniam sint commodo ad deserunt qui anim nostrud reprehenderit Lorem incididunt sint. Proident nostrud ex voluptate dolor incididunt proident sint aute occaecat cupidatat in. Enim tempor et est nostrud nostrud duis Lorem officia."
						}
					}
				]
			},
			"button_text": {
				"__TYPE__": "FieldContent",
				"value": "jack",
				"type": "Text"
			},
			"button_link": {
				"__TYPE__": "LinkContent",
				"value": {
					"__TYPE__": "ExternalLink",
					"url": "http://twitter.com"
				}
			},
			"cans_image": {
				"origin": {
					"id": "main",
					"url": "https://images.unsplash.com/photo-1515378960530-7c0da6231fb1",
					"width": 5616,
					"height": 3744
				},
				"url": "https://images.unsplash.com/photo-1515378960530-7c0da6231fb1",
				"width": 5616,
				"height": 3744,
				"edit": {
					"zoom": 1,
					"crop": {
						"x": 0,
						"y": 0
					},
					"background": "transparent"
				},
				"credits": null,
				"alt": null,
				"__TYPE__": "ImageContent",
				"thumbnails": {}
			},
			"second_heading": {
				"__TYPE__": "StructuredTextContent",
				"value": [
					{
						"type": "heading2",
						"content": {
							"text": "Courage"
						}
					}
				]
			},
			"second_body": {
				"__TYPE__": "StructuredTextContent",
				"value": [
					{
						"type": "paragraph",
						"content": {
							"text": "Aute adipisicing excepteur aliquip laboris nulla minim proident adipisicing occaecat id voluptate est do dolore. Officia sint nisi deserunt incididunt exercitation dolore commodo officia proident deserunt incididunt cupidatat mollit eiusmod. Nostrud sit sunt magna labore irure cupidatat ut eu in nulla eiusmod Lorem."
						}
					}
				]
			}
		},
		"items": []
	}
]