{
  "id": "hero",
  "type": "SharedSlice",
  "name": "Hero",
  "description": "Hero",
  "variations": [
    {
      "id": "default",
      "name": "Default",
      "docURL": "...",
      "version": "initial",
      "description": "Default",
      "imageUrl": "",
      "primary": {
        "heading": {
          "type": "StructuredText",
          "config": {
            "label": "Heading",
            "placeholder": "",
            "allowTargetBlank": true,
            "single": "heading1"
          }
        },
        "subheading": {
          "type": "StructuredText",
          "config": {
            "label": "Subheading",
            "placeholder": "",
            "allowTargetBlank": true,
            "single": "paragraph"
          }
        },
        "body": {
          "type": "StructuredText",
          "config": {
            "label": "Body",
            "placeholder": "",
            "allowTargetBlank": true,
            "single": "paragraph"
          }
        },
        "button_text": {
          "type": "Text",
          "config": {
            "label": "Button Text",
            "placeholder": ""
          }
        },
        "button_link": {
          "type": "Link",
          "config": {
            "label": "Button Link",
            "placeholder": "",
            "select": null
          }
        },
        "cans_image": {
          "type": "Image",
          "config": {
            "label": "Cans Image",
            "constraint": {},
            "thumbnails": []
          }
        },
        "second_heading": {
          "type": "StructuredText",
          "config": {
            "label": "Second Heading",
            "placeholder": "",
            "allowTargetBlank": true,
            "single": "heading2"
          }
        },
        "second_body": {
          "type": "StructuredText",
          "config": {
            "label": "Second Body",
            "placeholder": "",
            "allowTargetBlank": true,
            "multi": "paragraph,strong,em"
          }
        }
      },
      "items": {}
    }
  ]
}