{
  "id": "sky_dive",
  "type": "SharedSlice",
  "name": "SkyDive",
  "description": "SkyDive",
  "variations": [
    {
      "id": "default",
      "name": "Default",
      "docURL": "...",
      "version": "initial",
      "description": "Default",
      "imageUrl": "",
      "primary": {
        "sentence": {
          "type": "Text",
          "config": {
            "label": "Sentence",
            "placeholder": ""
          }
        },
        "flavor": {
          "type": "Select",
          "config": {
            "label": "Flavor",
            "placeholder": "",
            "options": [
              "lemonLime",
              "grape",
              "blackCherry",
              "strawberryLemonade",
              "watermelon"
            ],
            "default_value": "lemonLime"
          }
        }
      },
      "items": {}
    }
  ]
}