[
	{
		"__TYPE__": "SharedSliceContent",
		"variation": "default",
		"primary": {
			"text_group": {
				"__TYPE__": "GroupContentType",
				"value": [
					{
						"__TYPE__": "GroupItemContent",
						"value": [
							[
								"heading",
								{
									"__TYPE__": "StructuredTextContent",
									"value": [
										{
											"type": "heading2",
											"content": {
												"text": "Enemy"
											}
										}
									]
								}
							],
							[
								"body",
								{
									"__TYPE__": "StructuredTextContent",
									"value": [
										{
											"type": "paragraph",
											"content": {
												"text": "Excepteur proident sit aliquip non. Dolor voluptate consectetur amet sunt consectetur cillum dolore magna elit ad occaecat adipisicing nisi."
											}
										}
									]
								}
							]
						]
					}
				]
			}
		},
		"items": []
	}
]