{
  "id": "alternating_text",
  "type": "SharedSlice",
  "name": "AlternatingText",
  "description": "AlternatingText",
  "variations": [
    {
      "id": "default",
      "name": "Default",
      "docURL": "...",
      "version": "initial",
      "description": "Default",
      "imageUrl": "",
      "primary": {
        "text_group": {
          "type": "Group",
          "config": {
            "label": "Text Group",
            "repeat": true,
            "fields": {
              "heading": {
                "type": "StructuredText",
                "config": {
                  "label": "Heading",
                  "placeholder": "",
                  "allowTargetBlank": true,
                  "single": "heading2"
                }
              },
              "body": {
                "type": "StructuredText",
                "config": {
                  "label": "Body",
                  "placeholder": "",
                  "allowTargetBlank": true,
                  "multi": "paragraph,strong,em"
                }
              }
            }
          }
        }
      },
      "items": {}
    }
  ]
}